,600036.SH,601166.SH
,招商银行,兴业银行
,收盘价(元),收盘价(元)
2002-4-9,2.9279,
2002-4-10,2.9114,
2002-4-11,2.8894,
2002-4-12,2.9032,
2002-4-15,2.8537,
2002-4-16,2.7905,
2002-4-17,2.807,
2002-4-18,2.7796,
2002-4-19,2.7851,
2002-4-22,2.7493,
2002-4-23,2.7466,
2002-4-24,2.6834,
2002-4-25,2.6944,
2002-4-26,2.7027,
2002-4-29,2.7054,
2002-4-30,2.7521,
2002-5-8,2.7191,
2002-5-9,2.7301,
2002-5-10,2.6944,
2002-5-13,2.6422,
2002-5-14,2.6038,
2002-5-15,2.5516,
2002-5-16,2.5131,
2002-5-17,2.5406,
2002-5-20,2.4664,
2002-5-21,2.5214,
2002-5-22,2.4555,
2002-5-23,2.4664,
2002-5-24,2.4362,
2002-5-27,2.4472,
2002-5-28,2.45,
2002-5-29,2.3813,
2002-5-30,2.4033,
2002-5-31,2.3895,
2002-6-3,2.3895,
2002-6-4,2.4335,
2002-6-5,2.4005,
2002-6-6,2.4719,
2002-6-7,2.4664,
2002-6-10,2.4692,
2002-6-11,2.4555,
2002-6-12,2.4362,
2002-6-13,2.406,
2002-6-14,2.3841,
2002-6-17,2.3786,
2002-6-18,2.4198,
2002-6-19,2.3841,
2002-6-20,2.3978,
2002-6-21,2.4637,
2002-6-24,2.7109,
2002-6-25,2.8702,
2002-6-26,2.8098,
2002-6-27,2.8839,
2002-6-28,3.1723,
2002-7-1,3.1806,
2002-7-2,3.1421,
2002-7-3,3.1504,
2002-7-4,3.0515,
2002-7-5,3.1037,
2002-7-8,3.1146,
2002-7-9,3.1998,
2002-7-10,3.1064,
2002-7-11,3.0734,
2002-7-12,3.0295,
2002-7-15,2.9773,
2002-7-16,2.9828,
2002-7-17,3.0295,
2002-7-18,3.0487,
2002-7-19,3.0597,
2002-7-22,2.9361,
2002-7-23,2.9636,
2002-7-24,2.9608,
2002-7-25,2.9279,
2002-7-26,2.9169,
2002-7-29,2.9361,
2002-7-30,3.0075,
2002-7-31,2.9389,
2002-8-1,2.9471,
2002-8-2,2.9471,
2002-8-5,2.8894,
2002-8-6,2.9004,
2002-8-7,2.9114,
2002-8-8,2.9251,
2002-8-9,2.8922,
2002-8-12,2.84,
2002-8-13,2.84,
2002-8-14,2.8729,
2002-8-15,2.8675,
2002-8-16,2.8675,
2002-8-19,2.9004,
2002-8-20,2.9993,
2002-8-21,2.9856,
2002-8-22,2.991,
2002-8-23,2.9993,
2002-8-26,2.9553,
2002-8-27,2.9663,
2002-8-28,2.9773,
2002-8-29,2.9636,
2002-8-30,2.9691,
2002-9-2,2.9636,
2002-9-3,3.0048,
2002-9-4,2.9773,
2002-9-5,2.9169,
2002-9-6,2.862,
2002-9-9,2.8482,
2002-9-10,2.851,
2002-9-11,2.8372,
2002-9-12,2.8317,
2002-9-13,2.8455,
2002-9-16,2.7658,
2002-9-17,2.7713,
2002-9-18,2.7713,
2002-9-19,2.8208,
2002-9-20,2.7851,
2002-9-23,2.7905,
2002-9-24,2.807,
2002-9-25,2.8235,
2002-9-26,2.8015,
2002-9-27,2.7686,
2002-10-8,2.7466,
2002-10-9,2.6642,
2002-10-10,2.6285,
2002-10-11,2.612,
2002-10-14,2.6367,
2002-10-15,2.6065,
2002-10-16,2.6615,
2002-10-17,2.6477,
2002-10-18,2.656,
2002-10-21,2.6752,
2002-10-22,2.7081,
2002-10-23,2.6917,
2002-10-24,2.6779,
2002-10-25,2.656,
2002-10-28,2.6175,
2002-10-29,2.6422,
2002-10-30,2.6477,
2002-10-31,2.6285,
2002-11-1,2.645,
2002-11-4,2.6999,
2002-11-5,2.7246,
2002-11-6,2.7191,
2002-11-7,2.7466,
2002-11-8,2.7027,
2002-11-11,2.6587,
2002-11-12,2.6752,
2002-11-13,2.6587,
2002-11-14,2.601,
2002-11-15,2.5818,
2002-11-18,2.5186,
2002-11-19,2.5379,
2002-11-20,2.5022,
2002-11-21,2.4307,
2002-11-22,2.4362,
2002-11-25,2.4445,
2002-11-26,2.417,
2002-11-27,2.45,
2002-11-28,2.5022,
2002-11-29,2.5296,
2002-12-2,2.4527,
2002-12-3,2.4747,
2002-12-4,2.4719,
2002-12-5,2.4252,
2002-12-6,2.4225,
2002-12-9,2.439,
2002-12-10,2.3868,
2002-12-11,2.3758,
2002-12-12,2.3621,
2002-12-13,2.3868,
2002-12-16,2.3841,
2002-12-17,2.3868,
2002-12-18,2.3813,
2002-12-19,2.3648,
2002-12-20,2.4033,
2002-12-23,2.4143,
2002-12-24,2.4115,
2002-12-25,2.3895,
2002-12-26,2.3264,
2002-12-27,2.3099,
2002-12-30,2.2577,
2002-12-31,2.2357,
2003-1-2,2.2138,
2003-1-3,2.2302,
2003-1-6,2.2412,
2003-1-7,2.2193,
2003-1-8,2.3126,
2003-1-9,2.4005,
2003-1-10,2.3648,
2003-1-13,2.3429,
2003-1-14,2.5763,
2003-1-15,2.5269,
2003-1-16,2.5543,
2003-1-17,2.5543,
2003-1-20,2.6175,
2003-1-21,2.5928,
2003-1-22,2.5681,
2003-1-23,2.5543,
2003-1-24,2.6203,
2003-1-27,2.6862,
2003-1-28,2.6889,
2003-1-29,2.7027,
2003-2-10,2.623,
2003-2-11,2.6258,
2003-2-12,2.645,
2003-2-13,2.5955,
2003-2-14,2.6093,
2003-2-17,2.5791,
2003-2-18,2.5653,
2003-2-19,2.6093,
2003-2-20,2.6038,
2003-2-21,2.5461,
2003-2-24,2.5296,
2003-2-25,2.5763,
2003-2-26,2.5736,
2003-2-27,2.6203,
2003-2-28,2.5873,
2003-3-3,2.5955,
2003-3-4,2.623,
2003-3-5,2.6148,
2003-3-6,2.5791,
2003-3-7,2.5791,
2003-3-10,2.5214,
2003-3-11,2.5104,
2003-3-12,2.5214,
2003-3-13,2.5186,
2003-3-14,2.5379,
2003-3-17,2.5351,
2003-3-18,2.5598,
2003-3-19,2.6175,
2003-3-20,2.623,
2003-3-21,2.6367,
2003-3-24,2.623,
2003-3-25,2.6175,
2003-3-26,2.6642,
2003-3-27,2.7713,
2003-3-28,2.7768,
2003-3-31,2.8235,
2003-4-1,2.8702,
2003-4-2,2.8839,
2003-4-3,2.8263,
2003-4-4,2.8537,
2003-4-7,2.9663,
2003-4-8,2.9883,
2003-4-9,3.1861,
2003-4-10,3.2163,
2003-4-11,3.252,
2003-4-14,3.3728,
2003-4-15,3.4552,
2003-4-16,3.4717,
2003-4-17,3.425,
2003-4-18,3.2959,
2003-4-21,3.2025,
2003-4-22,3.241,
2003-4-23,3.1531,
2003-4-24,3.0707,
2003-4-25,3.0817,
2003-4-28,3.3866,
2003-4-29,3.3728,
2003-4-30,3.3948,
2003-5-12,3.5019,
2003-5-13,3.3234,
2003-5-14,3.3893,
2003-5-15,3.403,
2003-5-16,3.4333,
2003-5-19,3.3921,
2003-5-20,3.3097,
2003-5-21,3.3097,
2003-5-22,3.4003,
2003-5-23,3.4305,
2003-5-26,3.4305,
2003-5-27,3.4333,
2003-5-28,3.3563,
2003-5-29,3.3481,
2003-5-30,3.3399,
2003-6-2,3.3509,
2003-6-3,3.3316,
2003-6-4,3.3866,
2003-6-5,3.3399,
2003-6-6,3.2932,
2003-6-9,3.2025,
2003-6-10,3.2273,
2003-6-11,3.3399,
2003-6-12,3.2959,
2003-6-13,3.3069,
2003-6-16,3.241,
2003-6-17,3.219,
2003-6-18,3.2163,
2003-6-19,3.2245,
2003-6-20,3.1668,
2003-6-23,3.1229,
2003-6-24,3.1092,
2003-6-25,3.1009,
2003-6-26,3.1531,
2003-6-27,3.1174,
2003-6-30,3.1092,
2003-7-1,3.1256,
2003-7-2,3.263,
2003-7-3,3.2794,
2003-7-4,3.2382,
2003-7-7,3.2273,
2003-7-8,3.241,
2003-7-9,3.2273,
2003-7-10,3.3124,
2003-7-11,3.2987,
2003-7-14,3.2657,
2003-7-15,3.3069,
2003-7-16,3.3568,
2003-7-17,3.4012,
2003-7-18,3.318,
2003-7-21,3.3208,
2003-7-22,3.2348,
2003-7-23,3.2154,
2003-7-24,3.1848,
2003-7-25,3.1571,
2003-7-28,3.1654,
2003-7-29,3.1987,
2003-7-30,3.1682,
2003-7-31,3.1432,
2003-8-1,3.1737,
2003-8-4,3.2043,
2003-8-5,3.1848,
2003-8-6,3.146,
2003-8-7,3.1821,
2003-8-8,3.1405,
2003-8-11,3.1626,
2003-8-12,3.1682,
2003-8-13,3.1155,
2003-8-14,3.0517,
2003-8-15,3.0323,
2003-8-18,3.0212,
2003-8-19,3.0295,
2003-8-20,3.0406,
2003-8-21,3.0101,
2003-8-22,2.9685,
2003-8-25,2.9157,
2003-8-26,2.8547,
2003-8-27,2.8048,
2003-8-28,2.7604,
2003-8-29,2.8186,
2003-9-1,2.8852,
2003-9-2,2.8436,
2003-9-3,2.8103,
2003-9-4,2.8159,
2003-9-5,2.777,
2003-9-8,2.7743,
2003-9-9,2.7743,
2003-9-10,2.8186,
2003-9-11,2.8464,
2003-9-12,2.7687,
2003-9-15,2.6633,
2003-9-16,2.63,
2003-9-17,2.5967,
2003-9-18,2.6244,
2003-9-19,2.6383,
2003-9-22,2.5523,
2003-9-23,2.5967,
2003-9-24,2.605,
2003-9-25,2.5995,
2003-9-26,2.6189,
2003-9-29,2.5884,
2003-9-30,2.6022,
2003-10-8,2.6078,
2003-10-9,2.5995,
2003-10-10,2.6355,
2003-10-13,2.6633,
2003-10-14,2.63,
2003-10-15,2.63,
2003-10-16,2.5773,
2003-10-17,2.5801,
2003-10-20,2.5634,
2003-10-21,2.5107,
2003-10-22,2.6161,
2003-10-23,2.6189,
2003-10-24,2.6189,
2003-10-27,2.5967,
2003-10-28,2.6827,
2003-10-29,2.7632,
2003-10-30,2.7188,
2003-10-31,2.7049,
2003-11-3,2.7354,
2003-11-4,2.827,
2003-11-5,2.8159,
2003-11-6,2.7632,
2003-11-7,2.6688,
2003-11-10,2.691,
2003-11-11,2.6744,
2003-11-12,2.5773,
2003-11-13,2.5523,
2003-11-14,2.5828,
2003-11-17,2.5468,
2003-11-18,2.5218,
2003-11-19,2.5662,
2003-11-20,2.6161,
2003-11-21,2.5939,
2003-11-24,2.691,
2003-11-25,2.716,
2003-11-26,2.7188,
2003-11-27,2.6494,
2003-11-28,2.6494,
2003-12-1,2.7465,
2003-12-2,2.7132,
2003-12-3,2.7132,
2003-12-4,2.827,
2003-12-5,2.8297,
2003-12-8,2.8325,
2003-12-9,2.777,
2003-12-10,2.9296,
2003-12-11,3.0461,
2003-12-12,3.0545,
2003-12-15,3.0295,
2003-12-16,2.9934,
2003-12-17,2.949,
2003-12-18,2.9934,
2003-12-19,3.0517,
2003-12-22,3.1432,
2003-12-23,3.0961,
2003-12-24,3.1238,
2003-12-25,3.0822,
2003-12-26,3.0739,
2003-12-29,3.0378,
2003-12-30,3.0267,
2003-12-31,2.999,
2004-1-2,3.0184,
2004-1-5,3.1571,
2004-1-6,3.2708,
2004-1-7,3.3097,
2004-1-8,3.343,
2004-1-9,3.232,
2004-1-12,3.3374,
2004-1-13,3.3014,
2004-1-14,3.2237,
2004-1-15,3.2154,
2004-1-16,3.232,
2004-1-29,3.2903,
2004-1-30,3.1848,
2004-2-2,3.3208,
2004-2-3,3.3568,
2004-2-4,3.4234,
2004-2-5,3.4096,
2004-2-6,3.3957,
2004-2-9,3.4484,
2004-2-10,3.3818,
2004-2-11,3.3236,
2004-2-12,3.2597,
2004-2-13,3.2625,
2004-2-16,3.4096,
2004-2-17,3.4068,
2004-2-18,3.3707,
2004-2-19,3.3208,
2004-2-20,3.3679,
2004-2-23,3.2348,
2004-2-24,3.1904,
2004-2-25,3.0961,
2004-2-26,3.1266,
2004-2-27,3.0933,
2004-3-1,3.0683,
2004-3-2,3.0933,
2004-3-3,3.06,
2004-3-4,3.0794,
2004-3-5,3.0461,
2004-3-8,2.9574,
2004-3-9,2.9657,
2004-3-10,3.0628,
2004-3-11,3.0545,
2004-3-12,3.0184,
2004-3-15,3.1238,
2004-3-16,3.1072,
2004-3-17,3.1321,
2004-3-18,3.0933,
2004-3-19,3.0933,
2004-3-22,3.1405,
2004-3-23,3.0905,
2004-3-24,3.0711,
2004-3-25,3.085,
2004-3-26,3.0961,
2004-3-29,3.0822,
2004-3-30,3.0461,
2004-3-31,3.0378,
2004-4-1,3.0961,
2004-4-2,3.1183,
2004-4-5,3.0933,
2004-4-6,3.0877,
2004-4-7,3.0489,
2004-4-8,3.0128,
2004-4-9,2.9629,
2004-4-12,2.9379,
2004-4-13,2.9157,
2004-4-14,2.8714,
2004-4-15,2.8603,
2004-4-16,2.8963,
2004-4-19,2.8603,
2004-4-20,2.9213,
2004-4-21,2.8852,
2004-4-22,2.9102,
2004-4-23,2.8686,
2004-4-26,2.8824,
2004-4-27,2.9157,
2004-4-28,2.9685,
2004-4-29,3.0045,
2004-4-30,3.0295,
2004-5-10,2.9407,
2004-5-11,3.0011,
2004-5-12,3.0515,
2004-5-13,3.0515,
2004-5-14,3.0011,
2004-5-17,2.9105,
2004-5-18,2.9239,
2004-5-19,2.9441,
2004-5-20,2.9843,
2004-5-21,3.0045,
2004-5-24,3.0179,
2004-5-25,2.981,
2004-5-26,2.981,
2004-5-27,3.0414,
2004-5-28,3.0246,
2004-5-31,3.0481,
2004-6-1,3.1119,
2004-6-2,3.0951,
2004-6-3,3.0213,
2004-6-4,3.0112,
2004-6-7,2.9608,
2004-6-8,2.9172,
2004-6-9,2.9306,
2004-6-10,2.9004,
2004-6-11,2.8769,
2004-6-14,2.8534,
2004-6-15,2.9441,
2004-6-16,2.9239,
2004-6-17,2.8669,
2004-6-18,2.7896,
2004-6-21,2.7863,
2004-6-22,2.8266,
2004-6-23,2.8031,
2004-6-24,2.8064,
2004-6-25,2.8064,
2004-6-28,2.7762,
2004-6-29,2.8434,
2004-6-30,2.8467,
2004-7-1,2.9105,
2004-7-2,2.9306,
2004-7-5,2.9206,
2004-7-6,2.9508,
2004-7-7,2.9239,
2004-7-8,2.9676,
2004-7-9,2.981,
2004-7-12,2.9374,
2004-7-13,2.9676,
2004-7-14,3.0045,
2004-7-15,3.0616,
2004-7-16,3.0884,
2004-7-19,3.0951,
2004-7-20,3.0783,
2004-7-21,3.0884,
2004-7-22,2.9743,
2004-7-23,3.0078,
2004-7-26,2.9676,
2004-7-27,2.9172,
2004-7-28,2.9374,
2004-7-29,3.0011,
2004-7-30,3.0045,
2004-8-2,3.0146,
2004-8-3,2.9575,
2004-8-4,3.0481,
2004-8-5,2.9911,
2004-8-6,3.0011,
2004-8-9,3.075,
2004-8-10,3.1119,
2004-8-11,3.0616,
2004-8-12,3.075,
2004-8-13,3.1153,
2004-8-16,3.0918,
2004-8-17,3.1186,
2004-8-18,3.1522,
2004-8-19,3.1488,
2004-8-20,3.1623,
2004-8-23,3.1052,
2004-8-24,3.1086,
2004-8-25,3.0817,
2004-8-26,3.0884,
2004-8-27,3.0817,
2004-8-30,3.0616,
2004-8-31,3.0985,
2004-9-1,3.0246,
2004-9-2,3.0078,
2004-9-3,2.9944,
2004-9-6,2.9743,
2004-9-7,3.0213,
2004-9-8,2.9978,
2004-9-9,2.9474,
2004-9-10,2.9709,
2004-9-13,2.9306,
2004-9-14,3.0011,
2004-9-15,3.1119,
2004-9-16,3.1455,
2004-9-17,3.2294,
2004-9-20,3.2999,
2004-9-21,3.226,
2004-9-22,3.1321,
2004-9-23,3.2965,
2004-9-24,3.1858,
2004-9-27,3.1556,
2004-9-28,3.1556,
2004-9-29,3.1556,
2004-9-30,3.1421,
2004-10-8,3.1186,
2004-10-11,3.0515,
2004-10-12,2.9776,
2004-10-13,2.9877,
2004-10-14,2.9508,
2004-10-15,2.981,
2004-10-18,2.9709,
2004-10-19,2.9743,
2004-10-20,2.9038,
2004-10-21,2.7695,
2004-10-22,2.8232,
2004-10-25,2.8165,
2004-10-26,2.9239,
2004-10-27,2.9843,
2004-10-28,2.9374,
2004-10-29,2.9709,
2004-11-1,2.9709,
2004-11-2,2.9474,
2004-11-3,3.0078,
2004-11-4,2.9642,
2004-11-5,3.0112,
2004-11-8,3.0045,
2004-11-9,3.0045,
2004-11-10,3.0548,
2004-11-11,3.0213,
2004-11-12,3.0347,
2004-11-15,2.981,
2004-11-16,3.0146,
2004-11-17,2.9843,
2004-11-18,2.9776,
2004-11-19,3.0213,
2004-11-22,3.0078,
2004-11-23,2.9709,
2004-11-24,2.9642,
2004-11-25,2.9575,
2004-11-26,2.9508,
2004-11-29,2.9474,
2004-11-30,2.9172,
2004-12-1,2.9206,
2004-12-2,2.8769,
2004-12-3,2.8769,
2004-12-6,2.8803,
2004-12-7,2.887,
2004-12-8,2.9105,
2004-12-9,2.9172,
2004-12-10,2.9172,
2004-12-13,2.9038,
2004-12-14,2.9004,
2004-12-15,2.9038,
2004-12-16,2.9306,
2004-12-17,2.9004,
2004-12-20,2.8601,
2004-12-21,2.8467,
2004-12-22,2.9038,
2004-12-23,2.8736,
2004-12-24,2.8601,
2004-12-27,2.7863,
2004-12-28,2.8031,
2004-12-29,2.7829,
2004-12-30,2.7863,
2004-12-31,2.8031,
2005-1-4,2.7426,
2005-1-5,2.7426,
2005-1-6,2.6889,
2005-1-7,2.6889,
2005-1-10,2.7863,
2005-1-11,2.7796,
2005-1-12,2.793,
2005-1-13,2.7729,
2005-1-14,2.7661,
2005-1-17,2.6923,
2005-1-18,2.7124,
2005-1-19,2.7091,
2005-1-20,2.7124,
2005-1-21,2.8534,
2005-1-24,2.887,
2005-1-25,2.8568,
2005-1-26,2.8702,
2005-1-27,2.8199,
2005-1-28,2.8333,
2005-1-31,2.8467,
2005-2-1,2.887,
2005-2-2,2.9709,
2005-2-3,2.9239,
2005-2-4,3.0481,
2005-2-16,3.0414,
2005-2-17,3.0078,
2005-2-18,2.9575,
2005-2-21,3.028,
2005-2-22,3.0515,
2005-2-23,2.9877,
2005-2-24,2.9843,
2005-2-25,3.0112,
2005-2-28,2.9273,
2005-3-1,2.934,
2005-3-2,2.887,
2005-3-3,2.9071,
2005-3-4,2.9038,
2005-3-7,2.9441,
2005-3-8,2.9575,
2005-3-9,2.8769,
2005-3-10,2.8366,
2005-3-11,2.84,
2005-3-14,2.8568,
2005-3-15,2.7997,
2005-3-16,2.7964,
2005-3-17,2.8031,
2005-3-18,2.8366,
2005-3-21,2.8568,
2005-3-22,2.8333,
2005-3-23,2.8736,
2005-3-24,2.8836,
2005-3-25,2.8702,
2005-3-28,2.8937,
2005-3-29,2.9071,
2005-3-30,2.8702,
2005-3-31,2.9038,
2005-4-1,2.9843,
2005-4-4,2.9508,
2005-4-5,2.9508,
2005-4-6,3.0179,
2005-4-7,3.0716,
2005-4-8,3.1052,
2005-4-11,3.0683,
2005-4-12,3.0246,
2005-4-13,3.0616,
2005-4-14,3.0078,
2005-4-15,2.9911,
2005-4-18,2.9944,
2005-4-19,3.0414,
2005-4-20,3.0011,
2005-4-21,3.0179,
2005-4-22,3.0616,
2005-4-25,3.0783,
2005-4-26,3.0381,
2005-4-27,3.0582,
2005-4-28,3.0918,
2005-4-29,3.122,
2005-5-9,3.0716,
2005-5-10,3.1018,
2005-5-11,3.0582,
2005-5-12,2.887,
2005-5-13,2.9407,
2005-5-16,2.9206,
2005-5-17,2.9206,
2005-5-18,2.9474,
2005-5-19,2.9541,
2005-5-20,2.9474,
2005-5-23,2.8434,
2005-5-24,2.8635,
2005-5-25,2.8971,
2005-5-26,2.8702,
2005-5-27,2.8434,
2005-5-30,2.8199,
2005-5-31,2.8534,
2005-6-1,2.7964,
2005-6-2,2.6923,
2005-6-3,2.7426,
2005-6-6,2.8131,
2005-6-7,2.8064,
2005-6-8,2.9978,
2005-6-9,2.9608,
2005-6-10,2.9877,
2005-6-13,2.981,
2005-6-14,2.9306,
2005-6-15,2.8803,
2005-6-16,2.9709,
2005-6-17,2.9877,
2005-6-20,3.156,
2005-6-21,3.0693,
2005-6-22,3.1611,
2005-6-23,3.1203,
2005-6-24,3.1305,
2005-6-27,3.1865,
2005-6-28,3.1458,
2005-6-29,3.0948,
2005-6-30,3.0897,
2005-7-1,3.0183,
2005-7-4,3.0591,
2005-7-5,3.054,
2005-7-6,3.0387,
2005-7-7,3.0234,
2005-7-8,3.0081,
2005-7-11,3.0336,
2005-7-12,3.212,
2005-7-13,3.1763,
2005-7-14,3.2069,
2005-7-15,3.2018,
2005-7-18,3.212,
2005-7-19,3.212,
2005-7-20,3.2273,
2005-7-21,3.2222,
2005-7-22,3.3497,
2005-7-25,3.3446,
2005-7-26,3.4007,
2005-7-27,3.4211,
2005-7-28,3.4211,
2005-7-29,3.4262,
2005-8-1,3.3956,
2005-8-2,3.4568,
2005-8-3,3.4415,
2005-8-4,3.3956,
2005-8-5,3.4874,
2005-8-8,3.4925,
2005-8-9,3.4772,
2005-8-10,3.5026,
2005-8-11,3.6148,
2005-8-12,3.5077,
2005-8-15,3.5689,
2005-8-16,3.4874,
2005-8-17,3.5128,
2005-8-18,3.3803,
2005-8-19,3.4058,
2005-8-22,3.4262,
2005-8-23,3.3905,
2005-8-24,3.4262,
2005-8-25,3.4313,
2005-8-26,3.4823,
2005-8-29,3.4619,
2005-8-30,3.4568,
2005-8-31,3.4415,
2005-9-1,3.5026,
2005-9-2,3.4874,
2005-9-5,3.4619,
2005-9-6,3.416,
2005-9-7,3.4568,
2005-9-8,3.5026,
2005-9-9,3.4823,
2005-9-12,3.467,
2005-9-13,3.4772,
2005-9-14,3.5179,
2005-9-15,3.4823,
2005-9-16,3.4925,
2005-9-19,3.467,
2005-9-20,3.467,
2005-9-21,3.2987,
2005-9-22,3.2477,
2005-9-23,3.2324,
2005-9-26,3.2324,
2005-9-27,3.1611,
2005-9-28,3.1611,
2005-9-29,3.212,
2005-9-30,3.2069,
2005-10-10,3.2375,
2005-10-11,3.2885,
2005-10-12,3.3038,
2005-10-13,3.263,
2005-10-14,3.212,
2005-10-17,3.212,
2005-10-18,3.1967,
2005-10-19,3.1865,
2005-10-20,3.2732,
2005-10-21,3.2885,
2005-10-24,3.2579,
2005-10-25,3.2324,
2005-10-26,3.1662,
2005-10-27,3.2069,
2005-10-28,3.156,
2005-10-31,3.2018,
2005-11-1,3.1916,
2005-11-2,3.2069,
2005-11-3,3.1712,
2005-11-4,3.1916,
2005-11-7,3.0846,
2005-11-8,3.1152,
2005-11-9,3.1101,
2005-11-10,3.0948,
2005-11-11,3.1152,
2005-11-14,3.0948,
2005-11-15,3.0591,
2005-11-16,3.105,
2005-11-17,3.105,
2005-11-18,3.1967,
2005-11-21,3.156,
2005-11-22,3.1101,
2005-11-23,3.1611,
2005-11-24,3.2324,
2005-11-25,3.263,
2005-11-28,3.2426,
2005-11-29,3.212,
2005-11-30,3.2732,
2005-12-1,3.2987,
2005-12-2,3.2987,
2005-12-5,3.2783,
2005-12-6,3.3293,
2005-12-7,3.3752,
2005-12-8,3.3548,
2005-12-9,3.4109,
2005-12-12,3.3905,
2005-12-13,3.3599,
2005-12-14,3.4007,
2005-12-15,3.3905,
2005-12-16,3.3548,
2005-12-19,3.3548,
2005-12-20,3.3548,
2005-12-21,3.3548,
2005-12-22,3.3548,
2005-12-23,3.3548,
2005-12-26,3.3548,
2005-12-27,3.3548,
2005-12-28,3.3548,
2005-12-29,3.3548,
2005-12-30,3.3548,
2006-1-4,3.6913,
2006-1-5,3.8086,
2006-1-6,3.8646,
2006-1-9,3.8239,
2006-1-10,3.9666,
2006-1-11,3.9156,
2006-1-12,3.9156,
2006-1-13,3.9156,
2006-1-16,3.9156,
2006-1-17,3.9156,
2006-1-18,3.9156,
2006-1-19,3.9156,
2006-1-20,3.9156,
2006-1-23,3.9156,
2006-1-24,3.9156,
2006-1-25,3.9156,
2006-2-6,3.9156,
2006-2-7,3.9156,
2006-2-8,3.9156,
2006-2-9,3.9156,
2006-2-10,3.9156,
2006-2-13,3.9156,
2006-2-14,3.9156,
2006-2-15,3.9156,
2006-2-16,3.9156,
2006-2-17,3.9156,
2006-2-20,3.9156,
2006-2-21,3.9156,
2006-2-22,3.9156,
2006-2-23,3.9156,
2006-2-24,3.9156,
2006-2-27,4.2787,
2006-2-28,4.298,
2006-3-1,4.253,
2006-3-2,4.0924,
2006-3-3,4.0346,
2006-3-6,4.0539,
2006-3-7,3.9318,
2006-3-8,3.9511,
2006-3-9,3.9125,
2006-3-10,3.9639,
2006-3-13,4.0346,
2006-3-14,3.9703,
2006-3-15,4.0282,
2006-3-16,4.0346,
2006-3-17,3.9575,
2006-3-20,4.0346,
2006-3-21,4.1053,
2006-3-22,4.1374,
2006-3-23,4.0924,
2006-3-24,4.0153,
2006-3-27,4.1181,
2006-3-28,4.1502,
2006-3-29,4.1759,
2006-3-30,4.1631,
2006-3-31,4.131,
2006-4-3,4.298,
2006-4-4,4.4393,
2006-4-5,4.4329,
2006-4-6,4.3751,
2006-4-7,4.2723,
2006-4-10,4.3622,
2006-4-11,4.3365,
2006-4-12,4.3108,
2006-4-13,4.1824,
2006-4-14,4.2851,
2006-4-17,4.2851,
2006-4-18,4.253,
2006-4-19,4.2145,
2006-4-20,4.1824,
2006-4-21,4.2916,
2006-4-24,4.1952,
2006-4-25,4.1117,
2006-4-26,4.2594,
2006-4-27,4.2016,
2006-4-28,4.6192,
2006-5-8,4.8377,
2006-5-9,4.9147,
2006-5-10,4.8312,
2006-5-11,4.6963,
2006-5-12,4.7413,
2006-5-15,4.7606,
2006-5-16,4.7606,
2006-5-17,4.7156,
2006-5-18,4.5935,
2006-5-19,4.7413,
2006-5-22,4.6385,
2006-5-23,4.51,
2006-5-24,4.6128,
2006-5-25,4.7092,
2006-5-26,4.7477,
2006-5-29,4.7798,
2006-5-30,4.6963,
2006-5-31,4.6449,
2006-6-1,4.6963,
2006-6-2,4.6064,
2006-6-5,4.6192,
2006-6-6,4.6256,
2006-6-7,4.4008,
2006-6-8,4.4393,
2006-6-9,4.3558,
2006-6-12,4.4972,
2006-6-13,4.4907,
2006-6-14,4.4715,
2006-6-15,4.51,
2006-6-16,4.653,
2006-6-19,4.666,
2006-6-20,4.666,
2006-6-21,4.6595,
2006-6-22,4.7699,
2006-6-23,4.7699,
2006-6-26,4.9389,
2006-6-27,4.8999,
2006-6-28,4.8674,
2006-6-29,5.0104,
2006-6-30,5.0104,
2006-7-3,5.1729,
2006-7-4,5.1339,
2006-7-5,4.9129,
2006-7-6,4.9454,
2006-7-7,4.8414,
2006-7-10,4.9584,
2006-7-11,4.9844,
2006-7-12,4.9454,
2006-7-13,4.7375,
2006-7-14,4.8089,
2006-7-17,4.8609,
2006-7-18,4.7959,
2006-7-19,4.7375,
2006-7-20,4.8219,
2006-7-21,4.9649,
2006-7-24,4.9844,
2006-7-25,4.9714,
2006-7-26,5.0039,
2006-7-27,4.8804,
2006-7-28,4.8349,
2006-7-31,4.7829,
2006-8-1,4.744,
2006-8-2,4.7569,
2006-8-3,4.8674,
2006-8-4,4.8089,
2006-8-7,4.7894,
2006-8-8,4.8999,
2006-8-9,4.9129,
2006-8-10,5.0169,
2006-8-11,4.9779,
2006-8-14,5.0169,
2006-8-15,5.0949,
2006-8-16,5.1664,
2006-8-17,5.1339,
2006-8-18,5.1079,
2006-8-21,5.1079,
2006-8-22,5.2508,
2006-8-23,5.3873,
2006-8-24,5.5303,
2006-8-25,5.4393,
2006-8-28,5.4718,
2006-8-29,5.4783,
2006-8-30,5.4978,
2006-8-31,5.5628,
2006-9-1,5.4198,
2006-9-4,5.5173,
2006-9-5,5.7187,
2006-9-6,5.7187,
2006-9-7,5.6862,
2006-9-8,5.7772,
2006-9-11,5.8617,
2006-9-12,5.8292,
2006-9-13,5.9722,
2006-9-14,6.0697,
2006-9-15,6.0697,
2006-9-18,5.9722,
2006-9-19,6.1671,
2006-9-20,6.1996,
2006-9-21,6.3785,
2006-9-22,6.2659,
2006-9-25,6.2063,
2006-9-26,6.0407,
2006-9-27,6.2725,
2006-9-28,6.4911,
2006-9-29,6.5838,
2006-10-9,6.8819,
2006-10-10,6.7891,
2006-10-11,6.7494,
2006-10-12,6.6831,
2006-10-13,6.7759,
2006-10-16,6.6302,
2006-10-17,6.5176,
2006-10-18,6.7229,
2006-10-19,6.6699,
2006-10-20,6.9547,
2006-10-23,6.809,
2006-10-24,7.0011,
2006-10-25,7.0143,
2006-10-26,7.0938,
2006-10-27,6.9017,
2006-10-30,6.8024,
2006-10-31,6.8951,
2006-11-1,7.0408,
2006-11-2,6.8554,
2006-11-3,7.0806,
2006-11-6,7.2859,
2006-11-7,7.5641,
2006-11-8,7.4581,
2006-11-9,7.7827,
2006-11-10,8.1205,
2006-11-13,8.1205,
2006-11-14,8.1602,
2006-11-15,8.2331,
2006-11-16,8.2993,
2006-11-17,8.392,
2006-11-20,8.9418,
2006-11-21,8.9153,
2006-11-22,8.902,
2006-11-23,8.9219,
2006-11-24,8.6371,
2006-11-27,8.3457,
2006-11-28,8.3324,
2006-11-29,8.4251,
2006-11-30,8.6768,
2006-12-1,8.6238,
2006-12-4,9.1537,
2006-12-5,9.1007,
2006-12-6,8.9484,
2006-12-7,8.8557,
2006-12-8,8.5973,
2006-12-11,9.0345,
2006-12-12,9.114,
2006-12-13,9.0676,
2006-12-14,9.0411,
2006-12-15,9.2398,
2006-12-18,9.7896,
2006-12-19,9.6505,
2006-12-20,9.7631,
2006-12-21,9.7896,
2006-12-22,9.9618,
2006-12-25,10.293,
2006-12-26,10.2731,
2006-12-27,10.538,
2006-12-28,10.3128,
2006-12-29,10.8361,
2007-1-4,10.5712,
2007-1-5,10.0943,
2007-1-8,10.5977,
2007-1-9,10.8825,
2007-1-10,11.0878,
2007-1-11,10.75,
2007-1-12,10.5248,
2007-1-15,11.0613,
2007-1-16,11.3196,
2007-1-17,10.9023,
2007-1-18,10.399,
2007-1-19,10.9156,
2007-1-22,11.6111,
2007-1-23,12.4589,
2007-1-24,12.0151,
2007-1-25,11.9555,
2007-1-26,12.7437,
2007-1-29,12.5847,
2007-1-30,12.2204,
2007-1-31,11.3726,
2007-2-1,11.2004,
2007-2-2,10.697,
2007-2-5,10.3526,10.6
2007-2-6,10.9023,11.379
2007-2-7,11.0746,11.9286
2007-2-8,10.9686,11.6657
2007-2-9,10.6308,11.4746
2007-2-12,11.2004,11.9477
2007-2-13,11.2799,11.8903
2007-2-14,11.9224,12.1293
2007-2-15,11.9952,12.2392
2007-2-16,11.823,13.0995
2007-2-26,11.1607,12.8031
2007-2-27,10.1605,11.5224
2007-2-28,10.6573,11.8426
2007-3-1,10.3195,11.2882
2007-3-2,10.3592,11.4029
2007-3-5,10.0479,11.1639
2007-3-6,10.5579,11.6562
2007-3-7,10.6838,11.6562
2007-3-8,10.7301,11.7518
2007-3-9,10.7964,11.8664
2007-3-12,10.644,11.7279
2007-3-13,10.5844,11.6992
2007-3-14,10.293,11.3455
2007-3-15,10.4652,11.5224
2007-3-16,10.2797,11.2834
2007-3-19,10.8361,11.8903
2007-3-20,10.7964,11.6801
2007-3-21,10.8825,11.8426
2007-3-22,11.0083,11.8617
2007-3-23,10.909,11.9047
2007-3-26,10.9686,12.0958
2007-3-27,10.9023,12.0385
2007-3-28,11.3925,12.4113
2007-3-29,11.5978,13.3002
2007-3-30,11.5117,12.9991
2007-4-2,11.6773,13.3527
2007-4-3,11.7568,13.3288
2007-4-4,11.7502,13.8211
2007-4-5,11.6243,13.9453
2007-4-6,11.419,13.4866
2007-4-9,11.5382,14.256
2007-4-10,11.9224,15.0589
2007-4-11,12.6708,15.0875
2007-4-12,12.6841,15.4221
2007-4-13,12.4589,15.3026
2007-4-16,13.3862,15.7996
2007-4-17,13.2206,15.4269
2007-4-18,12.9291,14.9633
2007-4-19,12.5913,14.299
2007-4-20,12.8828,15.3074
2007-4-23,13.2073,15.4747
2007-4-24,12.949,14.949
2007-4-25,13.2471,15.3122
2007-4-26,13.2736,15.4794
2007-4-27,12.9159,15.0923
2007-4-30,12.896,15.0923
2007-5-8,13.3663,14.6861
2007-5-9,14.3929,15.1545
2007-5-10,14.234,15.0684
2007-5-11,14.34,14.5284
2007-5-14,14.6778,14.4185
2007-5-15,13.777,13.8832
2007-5-16,13.969,14.1461
2007-5-17,14.0551,14.3133
2007-5-18,13.7505,14.1174
2007-5-21,13.5518,14.1994
2007-5-22,13.6842,14.1656
2007-5-23,14.0485,14.2235
2007-5-24,14.1346,14.5658
2007-5-25,13.9889,14.6333
2007-5-28,14.1148,14.6333
2007-5-29,14.1744,14.7008
2007-5-30,13.2934,13.6401
2007-5-31,14.3863,14.3295
2007-6-1,14.6181,14.4212
2007-6-4,13.8697,13.7076
2007-6-5,14.234,13.6786
2007-6-6,14.1876,13.3363
2007-6-7,14.3598,13.4231
2007-6-8,14.0684,13.3026
2007-6-11,14.4327,13.7365
2007-6-12,14.3267,13.722
2007-6-13,14.9957,14.2331
2007-6-14,14.7042,14.291
2007-6-15,14.7042,15.2312
2007-6-18,15.8832,16.0798
2007-6-19,15.9693,16.3594
2007-6-20,15.2474,15.3517
2007-6-21,15.7706,15.6169
2007-6-22,16.0091,15.6892
2007-6-25,16.5323,15.9303
2007-6-26,16.2277,16.5474
2007-6-27,16.7708,17.5696
2007-6-28,16.3866,17.3382
2007-6-29,16.2807,16.9187
2007-7-2,15.817,16.4173
2007-7-3,16.1747,16.8608
2007-7-4,15.9284,16.1376
2007-7-5,15.7553,15.5976
2007-7-6,16.1414,16.4848
2007-7-9,17.2197,17.1887
2007-7-10,18.5044,17.6612
2007-7-11,18.2914,17.6853
2007-7-12,18.4311,18.2928
2007-7-13,18.2048,18.3169
2007-7-16,17.5192,17.6467
2007-7-17,18.5643,19.3487
2007-7-18,18.3446,19.3729
2007-7-19,18.2048,19.1896
2007-7-20,19.2898,20.4866
2007-7-23,19.5627,20.5975
2007-7-24,19.6226,20.5445
2007-7-25,19.809,20.8723
2007-7-26,19.7424,20.4866
2007-7-27,19.3164,19.8357
2007-7-30,19.5627,20.1539
2007-7-31,19.8423,20.1539
2007-8-1,19.403,20.0093
2007-8-2,19.9687,21.0893
2007-8-3,21.9656,22.6563
2007-8-6,22.3783,22.6226
2007-8-7,22.0388,22.2802
2007-8-8,22.7777,22.1597
2007-8-9,24.029,23.1529
2007-8-10,24.1888,23.124
2007-8-13,24.1422,22.7479
2007-8-14,24.089,22.5551
2007-8-15,24.1355,23.4567
2007-8-16,23.3035,23.0276
2007-8-17,22.0255,22.5599
2007-8-20,23.9492,24.5415
2007-8-21,24.2354,24.879
2007-8-22,24.242,25.2117
2007-8-23,24.9942,25.2792
2007-8-24,25.986,27.8057
2007-8-27,25.4601,27.7864
2007-8-28,25.0608,28.013
2007-8-29,24.6281,28.7266
2007-8-30,24.8877,28.0275
2007-8-31,25.3137,28.1046
2007-9-3,25.4535,28.5193
2007-9-4,24.9742,27.6273
2007-9-5,24.4284,27.0969
2007-9-6,24.6081,27.555
2007-9-7,23.9492,27.0342
2007-9-10,24.1955,27.9551
2007-9-11,23.1904,27.3235
2007-9-12,23.0306,27.9648
2007-9-13,23.4233,28.5819
2007-9-14,23.2436,27.6466
2007-9-17,23.5498,28.1239
2007-9-18,23.0905,27.2175
2007-9-19,23.4965,26.5955
2007-9-20,23.6164,26.581
2007-9-21,23.9492,25.5058
2007-9-24,25.2005,26.2242
2007-9-25,24.6148,25.554
2007-9-26,24.8078,25.5637
2007-9-27,25.134,26.2676
2007-9-28,25.4735,27.203
2007-10-8,27.2307,29.392
2007-10-9,26.798,29.8934
2007-10-10,26.9378,29.3823
2007-10-11,28.4554,31.4074
2007-10-12,27.8963,31.065
2007-10-15,27.3705,30.7806
2007-10-16,28.0095,31.5279
2007-10-17,27.1575,30.607
2007-10-18,26.5251,29.0737
2007-10-19,26.9511,29.0737
2007-10-22,26.9511,29.228
2007-10-23,27.7632,30.5781
2007-10-24,28.5952,31.7834
2007-10-25,27.8231,31.1181
2007-10-26,28.9347,32.3331
2007-10-29,29.6403,32.3427
2007-10-30,29.8466,32.0631
2007-10-31,30.2659,31.9184
2007-11-1,30.0663,31.4459
2007-11-2,28.7883,30.6214
2007-11-5,28.0028,30.0236
2007-11-6,28.0561,29.8982
2007-11-7,28.8482,30.4913
2007-11-8,27.3239,28.8905
2007-11-9,27.0643,28.7169
2007-11-12,27.2773,27.7093
2007-11-13,26.6516,26.3448
2007-11-14,27.6966,27.4007
2007-11-15,27.5968,27.0005
2007-11-16,26.9378,25.906
2007-11-19,26.0725,25.3419
2007-11-20,26.1124,25.7855
2007-11-21,25.773,25.853
2007-11-22,24.8278,25.0574
2007-11-23,25.4934,25.8385
2007-11-26,25.4801,25.9349
2007-11-27,25.0075,25.959
2007-11-28,25.1074,26.4412
2007-11-29,26.7248,27.5791
2007-11-30,26.1258,27.2416
2007-12-3,26.4453,27.6128
2007-12-4,26.7448,27.5357
2007-12-5,27.5103,27.9455
2007-12-6,27.437,28.013
2007-12-7,27.5103,28.0323
2007-12-10,27.1708,27.5164
2007-12-11,26.6117,26.4653
2007-12-12,25.4801,24.744
2007-12-13,24.901,24.0449
2007-12-14,25.6865,24.4692
2007-12-17,24.1688,22.5936
2007-12-18,24.1156,22.854
2007-12-19,24.5682,23.1867
2007-12-20,25.1673,23.9147
2007-12-21,25.2338,23.6688
2007-12-24,25.8196,24.5319
2007-12-25,25.3803,24.1944
2007-12-26,25.3603,24.016
2007-12-27,26.4186,24.744
2007-12-28,26.3787,25.0044
2008-1-2,25.8262,24.908
2008-1-3,25.2405,24.0304
2008-1-4,25.5533,24.4451
2008-1-7,26.0059,25.4094
2008-1-8,26.8313,26.2098
2008-1-9,27.1641,26.4557
2008-1-10,27.3572,27.473
2008-1-11,28.5819,29.4112
2008-1-14,28.715,29.5366
2008-1-15,27.8298,28.1866
2008-1-16,26.2722,25.7951
2008-1-17,26.0592,25.6022
2008-1-18,26.4253,25.3997
2008-1-21,24.6547,23.7556
2008-1-22,23.3834,22.2513
2008-1-23,24.4484,22.9456
2008-1-24,24.4284,22.314
2008-1-25,25.2139,23.6061
2008-1-28,23.6763,22.1693
2008-1-29,23.2969,21.745
2008-1-30,21.9456,20.0045
2008-1-31,21.6461,19.2764
2008-2-1,22.0721,19.7393
2008-2-4,24.1489,21.6341
2008-2-5,23.9958,22.4008
2008-2-13,23.024,21.4606
2008-2-14,23.1837,21.6004
2008-2-15,22.3117,20.7325
2008-2-18,22.964,21.6679
2008-2-19,23.2436,22.0825
2008-2-20,21.9257,21.1134
2008-2-21,21.4331,20.4625
2008-2-22,20.2017,19.72
2008-2-25,19.8223,20.313
2008-2-26,20.2084,20.4722
2008-2-27,21.1935,20.9543
2008-2-28,21.1469,21.0941
2008-2-29,21.28,21.3352
2008-3-3,22.0788,21.5811
2008-3-4,21.0537,20.2214
2008-3-5,21.5063,20.1829
2008-3-6,22.1986,20.3227
2008-3-7,22.0721,19.8164
2008-3-10,20.6344,18.828
2008-3-11,20.8274,18.1723
2008-3-12,19.7491,16.9139
2008-3-13,20.1485,16.4317
2008-3-14,19.5161,15.9737
2008-3-17,19.0835,16.2244
2008-3-18,18.7773,15.8483
2008-3-19,19.4961,16.8367
2008-3-20,20.3947,17.3141
2008-3-21,20.2084,16.9332
2008-3-24,19.0369,15.3469
2008-3-25,19.7824,15.5928
2008-3-26,20.428,15.911
2008-3-27,20.3681,15.9158
2008-3-28,21.7792,17.5069
2008-3-31,21.4131,17.7528
2008-4-1,21.0936,17.3237
2008-4-2,21.4464,18.0807
2008-4-3,21.9656,18.2977
2008-4-7,22.3783,18.7798
2008-4-8,22.2585,18.5532
2008-4-9,20.9672,17.4925
2008-4-10,21.3865,17.8444
2008-4-11,21.8192,18.1
2008-4-14,19.9754,16.4414
2008-4-15,19.8955,16.3401
2008-4-16,19.8223,15.9737
2008-4-17,19.5494,16.2437
2008-4-18,19.5361,16.7017
2008-4-21,20.0553,16.5233
2008-4-22,20.7076,17.1164
2008-4-23,21.5795,18.0855
2008-4-24,23.7095,19.773
2008-4-25,22.8775,19.2668
2008-4-28,22.3916,19.2668
2008-4-29,22.2851,18.8762
2008-4-30,23.3035,19.6573
2008-5-5,23.2636,19.532
2008-5-6,22.6246,18.9534
2008-5-7,21.7193,17.8637
2008-5-8,21.9523,18.0421
2008-5-9,20.8074,17.0778
2008-5-12,21.107,17.4201
2008-5-13,20.6543,16.7885
2008-5-14,21.6661,17.8782
2008-5-15,21.2734,17.4491
2008-5-16,21.3599,17.7094
2008-5-19,20.9672,17.6226
2008-5-20,20.0486,16.7837
2008-5-21,20.215,17.02
2008-5-22,19.7757,16.6294
2008-5-23,19.8356,16.6149
2008-5-26,19.4828,15.9062
2008-5-27,19.616,16.0376
2008-5-28,20.3149,16.7777
2008-5-29,19.7424,16.2129
2008-5-30,19.7424,16.7972
2008-6-2,19.7424,16.8702
2008-6-3,19.7624,16.8653
2008-6-4,19.15,16.4612
2008-6-5,18.8705,16.5975
2008-6-6,18.7174,16.6024
2008-6-10,16.847,14.9422
2008-6-11,16.0416,13.9392
2008-6-12,15.5756,13.5351
2008-6-13,15.5224,13.4621
2008-6-16,16.1214,13.5108
2008-6-17,15.9018,12.6587
2008-6-18,16.5607,13.4183
2008-6-19,15.6755,12.0745
2008-6-20,16.4076,12.4494
2008-6-23,15.8152,12.1962
2008-6-24,16.0549,12.6928
2008-6-25,16.4476,13.0482
2008-6-26,16.3943,13.0482
2008-6-27,16.3943,12.2838
2008-6-30,15.5889,12.4007
2008-7-1,14.0314,12.0696
2008-7-2,13.825,12.1767
2008-7-3,14.078,12.1962
2008-7-4,14.1711,12.2449
2008-7-7,15.0897,12.9655
2008-7-8,15.1097,12.9362
2008-7-9,15.9484,13.54
2008-7-10,15.975,13.2284
2008-7-11,16.0083,13.5205
2008-7-14,16.2146,13.4036
2008-7-15,15.2694,12.5614
2008-7-16,14.6437,11.758
2008-7-17,14.6171,11.6071
2008-7-18,15.1296,11.8943
2008-7-21,15.762,12.3228
2008-7-22,15.8818,12.3277
2008-7-23,16.0216,12.1816
2008-7-24,16.9135,12.8097
2008-7-25,16.6406,12.9119
2008-7-28,16.6541,13.0823
2008-7-29,16.405,12.7366
2008-7-30,16.2906,12.7561
2008-7-31,15.9136,12.2205
2008-8-1,16.4791,12.6149
2008-8-4,16.331,12.2887
2008-8-5,15.9607,12.0647
2008-8-6,16.2636,12.2352
2008-8-7,16.2434,12.1378
2008-8-8,15.7453,11.9284
2008-8-11,15.2876,11.5341
2008-8-12,15.0048,11.1835
2008-8-13,14.6817,10.9498
2008-8-14,14.5471,10.8914
2008-8-15,14.8029,11.1446
2008-8-18,14.2778,10.8183
2008-8-19,14.7356,11.276
2008-8-20,16.1021,12.1086
2008-8-21,15.5703,11.3296
2008-8-22,15.4491,10.8524
2008-8-25,15.5434,10.7453
2008-8-26,15.402,10.3363
2008-8-27,15.4289,10.4288
2008-8-28,15.4155,10.5019
2008-8-29,15.5366,10.7551
2008-9-1,14.5134,10.1562
2008-9-2,14.0557,9.8446
2008-9-3,13.6383,9.5671
2008-9-4,13.7729,9.4746
2008-9-5,13.4633,9.2214
2008-9-8,13.5239,8.9244
2008-9-9,13.5844,8.9585
2008-9-10,13.3286,8.8319
2008-9-11,12.1439,8.3061
2008-9-12,12.016,8.1892
2008-9-16,10.8177,7.3713
2008-9-17,9.7407,6.7237
2008-9-18,10.0436,6.9964
2008-9-19,11.0466,7.6975
2008-9-22,12.1506,8.4667
2008-9-23,11.5313,7.7803
2008-9-24,11.3293,7.6634
2008-9-25,11.8477,7.9214
2008-9-26,11.8611,7.9993
2008-10-6,10.6764,7.2009
2008-10-7,10.4946,7.1571
2008-10-8,9.6195,6.7919
2008-10-9,9.6868,6.8211
2008-10-10,9.3166,6.5485
2008-10-13,10.2456,7.2057
2008-10-14,10.0503,6.938
2008-10-15,10.2321,7.0548
2008-10-16,9.6464,6.6653
2008-10-17,9.5455,6.7627
2008-10-20,10.0099,7.1084
2008-10-21,9.8484,7.0305
2008-10-22,9.5051,6.8893
2008-10-23,9.081,6.6264
2008-10-24,8.1722,6.232
2008-10-27,7.5058,5.7062
2008-10-28,7.9433,6.159
2008-10-29,7.8895,5.9642
2008-10-30,8.1924,6.1882
2008-10-31,7.8693,6.0226
2008-11-3,7.9097,6.1103
2008-11-4,7.8087,6.1736
2008-11-5,8.5559,6.5679
2008-11-6,8.1251,6.2953
2008-11-7,8.428,6.7286
2008-11-10,9.2291,7.3664
2008-11-11,9.0339,7.1132
2008-11-12,9.1416,7.3567
2008-11-13,9.4378,7.6975
2008-11-14,9.5926,7.7754
2008-11-17,9.7272,7.8338
2008-11-18,8.7579,7.0645
2008-11-19,9.3166,7.6975
2008-11-20,8.98,7.5466
2008-11-21,8.8925,7.4394
2008-11-24,8.4415,6.9769
2008-11-25,8.3136,6.9672
2008-11-26,8.253,7.011
2008-11-27,8.3001,7.0305
2008-11-28,7.8626,6.5631
2008-12-1,7.9972,6.6994
2008-12-2,7.8962,6.7383
2008-12-3,8.4078,7.1522
2008-12-4,8.6502,7.3518
2008-12-5,8.7915,7.4881
2008-12-8,9.5185,7.9507
2008-12-9,9.0742,7.6829
2008-12-10,9.6936,8.4521
2008-12-11,9.431,8.2184
2008-12-12,8.8588,7.7121
2008-12-15,8.8252,7.863
2008-12-16,8.7309,7.7803
2008-12-17,8.6905,7.7851
2008-12-18,9.1954,8.1941
2008-12-19,9.2493,8.0334
2008-12-22,9.0271,7.9799
2008-12-23,8.6367,7.5758
2008-12-24,8.5425,7.4151
2008-12-25,8.327,7.3031
2008-12-26,8.3203,7.2593
2008-12-29,8.2597,7.1814
2008-12-30,8.1857,7.1619
2008-12-31,8.1857,7.1084
2009-1-5,8.4751,7.3372
2009-1-6,8.8184,7.6683
2009-1-7,8.6636,7.6391
2009-1-8,8.2395,7.308
2009-1-9,8.3809,7.4881
2009-1-12,8.3001,7.6147
2009-1-13,8.0914,7.5612
2009-1-14,8.5963,8.1405
2009-1-15,8.4415,8.3158
2009-1-16,8.8723,8.7297
2009-1-19,9.0608,8.8076
2009-1-20,9.1348,9.0948
2009-1-21,9.1954,9.1922
2009-1-22,9.2627,9.1143
2009-1-23,9.0944,9.0948
2009-2-2,9.0877,8.9877
2009-2-3,9.3637,9.3675
2009-2-4,9.7609,9.8835
2009-2-5,9.7541,9.494
2009-2-6,10.0907,9.7716
2009-2-9,10.1244,9.8446
2009-2-10,10.0032,9.6937
2009-2-11,10.0503,9.6742
2009-2-12,9.6666,9.3042
2009-2-13,9.9696,9.4989
2009-2-16,10.7235,9.9274
2009-2-17,10.3937,9.645
2009-2-18,9.8147,9.2409
2009-2-19,9.6599,9.0753
2009-2-20,9.6936,9.2457
2009-2-23,9.9359,9.6109
2009-2-24,9.2897,8.9585
2009-2-25,10.0436,9.275
2009-2-26,9.606,8.9001
2009-2-27,9.606,8.9926
2009-3-2,9.8417,8.8222
2009-3-3,9.458,8.5544
2009-3-4,10.2254,9.3334
2009-3-5,10.5619,9.494
2009-3-6,10.6225,9.6109
2009-3-9,10.0975,9.3772
2009-3-10,10.0301,9.6158
2009-3-11,9.8215,9.6742
2009-3-12,9.6464,9.6401
2009-3-13,9.5791,9.6304
2009-3-16,9.7743,10.3023
2009-3-17,10.084,10.4435
2009-3-18,10.0032,10.3656
2009-3-19,10.1378,10.4727
2009-3-20,9.983,10.2146
2009-3-23,10.2725,10.5457
2009-3-24,10.2388,10.6479
2009-3-25,10.0907,10.6918
2009-3-26,10.7908,11.0228
2009-3-27,10.7235,11.1786
2009-3-30,10.7706,11.1299
2009-3-31,10.7235,11.1884
2009-4-1,10.8985,11.1494
2009-4-2,11.1139,11.5146
2009-4-3,11.3563,11.758
2009-4-7,11.1947,11.5487
2009-4-8,10.5619,10.9401
2009-4-9,10.6898,11.1251
2009-4-10,10.8649,11.276
2009-4-13,11.0197,11.2078
2009-4-14,10.9995,11.1981
2009-4-15,10.8514,11.2322
2009-4-16,10.9524,11.2078
2009-4-17,10.737,11.1592
2009-4-20,11.0062,11.4464
2009-4-21,10.7841,11.2225
2009-4-22,10.461,10.9206
2009-4-23,10.4946,10.979
2009-4-24,10.2792,10.8232
2009-4-27,10.2388,10.4727
2009-4-28,10.2254,10.7112
2009-4-29,10.7168,11.5633
2009-4-30,10.434,11.8262
2009-5-4,10.6966,12.1524
2009-5-5,10.8783,12.4737
2009-5-6,10.8783,12.6733
2009-5-7,10.9726,13.0239
2009-5-8,11.639,13.4669
2009-5-11,11.4169,13.3939
2009-5-12,11.814,13.8224
2009-5-13,11.9487,13.7834
2009-5-14,11.5986,13.4377
2009-5-15,11.5582,13.4913
2009-5-18,11.464,13.4913
2009-5-19,11.5246,14.1924
2009-5-20,11.262,13.798
2009-5-21,11.0803,13.4085
2009-5-22,11.2082,13.2478
2009-5-25,11.1745,13.3793
2009-5-26,10.9658,13.1748
2009-5-27,11.3495,13.8467
2009-6-1,11.9823,14.2995
2009-6-2,11.989,14.207
2009-6-3,12.844,15.0785
2009-6-4,13.1065,15.3511
2009-6-5,12.9247,15.3073
2009-6-8,13.3354,15.3414
2009-6-9,13.2479,15.3414
2009-6-10,13.3219,15.2538
2009-6-11,13.6046,15.2488
2009-6-12,13.2344,14.9228
2009-6-15,14.2374,15.565
2009-6-16,14.2374,15.5847
2009-6-17,14.473,15.975
2009-6-18,14.9644,16.6221
2009-6-19,14.9644,16.711
2009-6-22,14.9577,16.7357
2009-6-23,15.1462,17.1605
2009-6-24,14.648,17.284
2009-6-25,14.6413,17.3877
2009-6-26,14.7356,17.7681
2009-6-29,15.3145,18.4399
2009-6-30,15.0856,18.3312
2009-7-1,15.503,19.2154
2009-7-2,15.4693,19.5513
2009-7-3,16.3395,19.5217
2009-7-6,16.5416,19.3982
2009-7-7,16.3834,18.4794
2009-7-8,16.067,18.3263
2009-7-9,16.0582,18.4646
2009-7-10,16.1285,18.3411
2009-7-13,15.6978,17.7928
2009-7-14,15.9703,18.4942
2009-7-15,16.023,18.4695
2009-7-16,16.3746,19.4525
2009-7-17,16.2076,19.1709
2009-7-20,16.2516,19.2747
2009-7-21,16.3219,19.1117
2009-7-22,16.7438,19.2105
2009-7-23,17.0602,19.4575
2009-7-24,17.1393,19.2599
2009-7-27,17.3063,20.0354
2009-7-28,17.0514,19.9366
2009-7-29,16.3131,19.6847
2009-7-30,16.9899,20.9196
2009-7-31,17.2623,21.2259
2009-8-3,17.1481,21.1369
2009-8-4,16.7438,20.4849
2009-8-5,16.3834,19.7143
2009-8-6,16.0582,19.334
2009-8-7,15.8033,19.3488
2009-8-10,15.6803,18.9882
2009-8-11,15.689,18.7955
2009-8-12,15.3023,17.8916
2009-8-13,15.5396,18.3707
2009-8-14,15.1705,18.2324
2009-8-17,14.2036,17.6347
2009-8-18,14.0806,17.852
2009-8-19,13.773,16.8839
2009-8-20,14.1861,17.941
2009-8-21,14.274,18.4251
2009-8-24,14.0894,18.104
2009-8-25,13.228,16.8147
2009-8-26,13.3599,16.7159
2009-8-27,13.228,16.2466
2009-8-28,12.7798,15.2982
2009-8-31,11.9799,13.7719
2009-9-1,12.2612,14.3054
2009-9-2,12.7182,15.4316
2009-9-3,13.3599,16.1034
2009-9-4,13.3862,16.2565
2009-9-7,13.3686,16.4344
2009-9-8,13.5356,16.6813
2009-9-9,13.439,16.8147
2009-9-10,13.2983,16.8048
2009-9-11,13.9048,17.9163
2009-9-14,13.9751,18.0793
2009-9-15,14.0806,18.0101
2009-9-16,13.7817,17.5655
2009-9-17,13.9487,17.5952
2009-9-18,13.4214,16.7554
2009-9-21,13.3774,16.3948
2009-9-22,13.0171,15.8169
2009-9-23,12.8325,15.9503
2009-9-24,13.1665,16.8197
2009-9-25,13.0083,16.5085
2009-9-28,12.7094,15.7922
2009-9-29,12.8149,16.3751
2009-9-30,12.9907,16.6912
2009-10-9,13.6323,17.7928
2009-10-12,13.7026,17.9311
2009-10-13,14.0542,18.3114
2009-10-14,13.9312,18.3016
2009-10-15,13.8872,18.5535
2009-10-16,14.0454,18.3114
2009-10-19,14.0454,18.7066
2009-10-20,14.7046,19.1166
2009-10-21,14.8541,19.166
2009-10-22,14.898,18.9289
2009-10-23,15.566,19.4081
2009-10-26,15.8209,19.3587
2009-10-27,15.5572,18.6473
2009-10-28,15.3902,18.5732
2009-10-29,14.9947,18.1682
2009-10-30,15.6187,18.4152
2009-11-2,16.4274,19.8032
2009-11-3,16.5328,20.0453
2009-11-4,16.6207,20.1391
2009-11-5,16.5416,19.9218
2009-11-6,16.5504,19.9959
2009-11-9,16.401,19.8921
2009-11-10,16.4186,20.0601
2009-11-11,16.0758,19.3883
2009-11-12,15.9088,19.6155
2009-11-13,16.1373,19.8724
2009-11-16,16.568,20.5639
2009-11-17,16.691,20.6133
2009-11-18,16.5416,20.4256
2009-11-19,16.2516,20.1688
2009-11-20,16.1725,19.8427
2009-11-23,16.2867,20.0058
2009-11-24,15.7242,19.6007
2009-11-25,15.8736,19.7835
2009-11-26,15.1353,18.672
2009-11-27,14.8628,18.3905
2009-11-30,15.1968,18.9783
2009-12-1,15.2847,18.8597
2009-12-2,15.3023,19.0228
2009-12-3,15.1529,18.6572
2009-12-4,15.856,19.744
2009-12-7,15.9088,19.8971
2009-12-8,15.6627,19.8971
2009-12-9,15.2672,19.2599
2009-12-10,15.3726,19.3834
2009-12-11,15.4869,19.5266
2009-12-14,15.8473,20.2972
2009-12-15,15.7681,20.2873
2009-12-16,15.733,20.0156
2009-12-17,15.3814,19.7785
2009-12-18,15.1002,19.4278
2009-12-21,14.7837,18.9289
2009-12-22,14.3531,18.3757
2009-12-23,14.3179,18.3806
2009-12-24,14.6695,18.7857
2009-12-25,14.4146,18.4201
2009-12-28,14.7574,18.8647
2009-12-29,15.0914,19.2401
2009-12-30,15.8385,19.8872
2009-12-31,15.8648,19.9119
2010-1-4,15.566,19.2352
2010-1-5,15.5836,18.8647
2010-1-6,15.2584,18.6671
2010-1-7,14.8628,18.756
2010-1-8,14.8628,18.761
2010-1-11,14.8892,18.3905
2010-1-12,15.0035,18.2028
2010-1-13,14.1948,17.0172
2010-1-14,14.3531,17.0172
2010-1-15,14.3355,17.0864
2010-1-18,14.2212,17.0518
2010-1-19,14.2827,17.2445
2010-1-20,13.94,16.6517
2010-1-21,14.1948,16.9876
2010-1-22,14.6519,17.368
2010-1-25,14.2652,17.0963
2010-1-26,14.1421,16.711
2010-1-27,13.5708,16.1528
2010-1-28,13.2983,15.97
2010-1-29,13.3335,15.8861
2010-2-1,13.439,15.565
2010-2-2,13.7378,15.8712
2010-2-3,14.0542,16.6319
2010-2-4,13.9312,16.5776
2010-2-5,13.606,16.5579
2010-2-8,13.2983,16.2713
2010-2-9,13.4565,16.4492
2010-2-10,13.6499,16.7406
2010-2-11,13.6763,16.6023
2010-2-12,13.8696,16.8345
2010-2-22,13.8257,16.6863
2010-2-23,13.5884,16.3405
2010-2-24,13.6675,16.548
2010-2-25,13.94,16.9431
2010-2-26,13.9751,17.1358
2010-3-1,14.3267,17.5458
2010-3-2,14.4673,17.5754
2010-3-3,14.4937,17.61
2010-3-4,14.1685,17.1901
2010-3-5,14.1685,17.2346
2010-3-8,14.1685,17.6347
2010-3-9,14.1685,17.9706
2010-3-10,14.1685,17.6396
2010-3-11,14.1685,17.7829
2010-3-12,14.1685,17.4174
2010-3-15,13.8068,16.9975
2010-3-16,14.2519,17.4865
2010-3-17,14.5116,17.778
2010-3-18,14.4003,17.5754
2010-3-19,14.4003,17.6298
2010-3-22,14.5301,17.773
2010-3-23,14.4374,17.6149
2010-3-24,14.4374,17.6347
2010-3-25,14.3076,17.2395
2010-3-26,14.595,17.2395
2010-3-29,15.1143,18.351
2010-3-30,15.2441,18.4102
2010-3-31,15.0957,18.2373
2010-4-1,15.1885,18.3016
2010-4-2,15.105,18.1731
2010-4-6,15.1885,18.2867
2010-4-7,15.0772,18.1336
2010-4-8,14.7619,17.6545
2010-4-9,14.8732,17.9163
2010-4-12,14.7248,17.0798
2010-4-13,14.9659,17.4805
2010-4-14,14.9659,17.4404
2010-4-15,14.9196,17.4705
2010-4-16,14.5487,16.9245
2010-4-19,13.6214,15.5672
2010-4-20,13.4267,15.1915
2010-4-21,13.5936,15.3969
2010-4-22,13.1485,14.7658
2010-4-23,13.1392,14.7808
2010-4-26,13.028,14.6405
2010-4-27,12.7961,14.4502
2010-4-28,12.8147,14.3901
2010-4-29,13.0094,14.3951
2010-4-30,13.232,14.9611
2010-5-4,12.8889,14.5153
2010-5-5,12.9352,14.7357
2010-5-6,12.3418,13.8041
2010-5-7,12.3881,13.4585
2010-5-10,12.6014,13.7891
2010-5-11,12.3603,13.3132
2010-5-12,12.6571,13.764
2010-5-13,13.028,14.1447
2010-5-14,12.8703,13.9844
2010-5-17,12.3696,13.3633
2010-5-18,12.7683,14.0395
2010-5-19,12.6478,13.9393
2010-5-20,12.5643,13.5286
2010-5-21,12.6756,13.6188
2010-5-24,13.0001,14.0545
2010-5-25,12.6941,14.0545
2010-5-26,12.6478,14.0545
2010-5-27,12.7498,14.0545
2010-5-28,12.6292,14.0545
2010-5-31,12.2676,14.0545
2010-6-1,12.1749,14.0545
2010-6-2,12.1842,13.2447
2010-6-3,12.1934,13.0689
2010-6-4,12.2212,12.8664
2010-6-7,11.8689,12.3497
2010-6-8,11.6093,12.1845
2010-6-9,12.0822,12.8505
2010-6-10,11.7576,12.3603
2010-6-11,11.804,12.3976
2010-6-17,11.906,12.4456
2010-6-18,11.9245,12.4509
2010-6-21,12.3881,13.1595
2010-6-22,12.3511,13.1435
2010-6-23,12.3511,12.9464
2010-6-24,12.3232,12.9623
2010-6-25,12.416,12.941
2010-6-28,12.5365,13.0955
2010-6-29,12.0822,12.3603
2010-6-30,12.0636,12.2697
2010-7-1,12.073,12.0939
2010-7-2,12.1673,12.2431
2010-7-5,12.0448,12.1099
2010-7-6,12.3746,12.3923
2010-7-7,12.3935,12.4349
2010-7-8,12.45,12.6214
2010-7-9,12.8459,13.25
2010-7-12,13.1097,13.4205
2010-7-13,12.9495,13.2021
2010-7-14,13.0438,13.4791
2010-7-15,12.7799,13.1275
2010-7-16,12.8647,13.0636
2010-7-19,13.204,13.6283
2010-7-20,13.1946,13.8467
2010-7-21,13.1569,13.8254
2010-7-22,13.3265,14.1451
2010-7-23,13.449,14.2357
2010-7-26,13.4396,14.1185
2010-7-27,13.2982,13.916
2010-7-28,13.6375,14.4807
2010-7-29,13.7035,14.4328
2010-7-30,13.6847,14.3422
2010-8-2,13.9391,14.7898
2010-8-3,13.5621,14.4115
2010-8-4,13.4962,14.4062
2010-8-5,13.2228,14.0332
2010-8-6,13.3642,14.1771
2010-8-9,13.4867,14.4008
2010-8-10,13.0626,13.8574
2010-8-11,13.0815,13.8308
2010-8-12,12.7893,13.5963
2010-8-13,12.9307,13.6709
2010-8-16,13.1757,14.0812
2010-8-17,13.204,14.2303
2010-8-18,13.0815,14.2889
2010-8-19,13.3736,14.4328
2010-8-20,13.2794,14.3369
2010-8-23,13.3831,14.3689
2010-8-24,13.2605,14.2303
2010-8-25,12.8647,13.6603
2010-8-26,12.7987,13.591
2010-8-27,12.8082,13.6549
2010-8-30,12.959,13.8467
2010-8-31,12.761,13.6656
2010-9-1,12.8082,13.7402
2010-9-2,12.8647,13.7722
2010-9-3,12.8553,13.6549
2010-9-6,13.0815,14.1078
2010-9-7,13.0438,13.9853
2010-9-8,12.7799,13.4845
2010-9-9,12.4689,13.1062
2010-9-10,12.516,12.8984
2010-9-13,12.4971,12.9144
2010-9-14,12.5914,12.8984
2010-9-15,12.3652,12.5574
2010-9-16,12.0636,12.2058
2010-9-17,12.1107,12.1845
2010-9-20,12.1484,12.2218
2010-9-21,12.1296,12.3656
2010-9-27,12.1013,12.2751
2010-9-28,11.8845,11.9554
2010-9-29,11.9317,11.9394
2010-9-30,12.205,12.3177
2010-10-8,12.6668,12.957
2010-10-11,13.1003,13.5324
2010-10-12,13.0438,13.5058
2010-10-13,13.6564,14.3369
2010-10-14,13.6941,14.3902
2010-10-15,14.3538,14.9975
2010-10-18,14.4009,15.4078
2010-10-19,14.5989,15.5196
2010-10-20,14.825,15.3598
2010-10-21,14.269,14.7471
2010-10-22,14.1559,14.8697
2010-10-25,14.2973,15.1733
2010-10-26,14.0993,14.9762
2010-10-27,13.9108,14.9016
2010-10-28,14.0711,14.9016
2010-10-29,13.7318,14.4701
2010-11-1,13.958,14.7951
2010-11-2,13.9108,14.7258
2010-11-3,14.3821,15.0029
2010-11-4,14.4763,15.168
2010-11-5,14.5517,15.2053
2010-11-8,14.6648,15.5303
2010-11-9,14.2973,15.1361
2010-11-10,13.7601,14.5234
2010-11-11,13.9108,14.6992
2010-11-12,13.1851,13.7508
2010-11-15,13.4019,13.8521
2010-11-16,12.8553,13.0103
2010-11-17,12.8459,13.1222
2010-11-18,12.893,13.1808
2010-11-19,12.7799,13.1115
2010-11-22,12.4877,12.8718
2010-11-23,12.3558,12.6906
2010-11-24,12.5066,12.9464
2010-11-25,12.7045,13.2554
2010-11-26,12.4971,13.0103
2010-11-29,12.516,12.8878
2010-11-30,12.2992,12.8025
2010-12-1,12.3746,12.8558
2010-12-2,12.45,12.941
2010-12-3,12.4406,13.0316
2010-12-6,12.6479,13.2873
2010-12-7,12.6762,13.2554
2010-12-8,12.4783,12.9517
2010-12-9,12.2521,12.7226
2010-12-10,12.3935,12.925
2010-12-13,12.5914,13.1595
2010-12-14,12.516,13.0742
2010-12-15,12.4971,13.1328
2010-12-16,12.4029,13.0369
2010-12-17,12.3746,12.9144
2010-12-20,12.2238,12.6427
2010-12-21,12.5348,13.1648
2010-12-22,12.3181,12.8824
2010-12-23,12.4217,13.1062
2010-12-24,12.4689,13.3513
2010-12-27,12.2521,12.9623
2010-12-28,12.0919,12.8931
2010-12-29,12.0353,12.8718
2010-12-30,11.9505,12.7972
2010-12-31,12.073,12.8132
2011-1-4,12.271,13.1541
2011-1-5,12.2238,13.1009
2011-1-6,12.1579,13.1968
2011-1-7,12.4877,14.1291
2011-1-10,12.271,13.6443
2011-1-11,12.4312,13.9693
2011-1-12,12.5066,14.4221
2011-1-13,12.4406,14.2783
2011-1-14,12.2992,13.9
2011-1-17,11.9788,13.3673
2011-1-18,11.9411,13.6123
2011-1-19,12.0353,13.8947
2011-1-20,11.7997,13.4578
2011-1-21,11.9788,14.0066
2011-1-24,11.8563,14.0332
2011-1-25,11.9034,14.2517
2011-1-26,11.9788,14.2357
2011-1-27,11.9788,14.1558
2011-1-28,11.8657,13.8947
2011-1-31,11.9034,13.8521
2011-2-1,11.9694,14.0012
2011-2-9,11.8751,13.5857
2011-2-10,11.9788,13.9213
2011-2-11,11.9788,13.9906
2011-2-14,12.4971,14.4807
2011-2-15,12.4312,14.4381
2011-2-16,12.3652,14.3742
2011-2-17,12.3652,14.4541
2011-2-18,12.3558,14.3103
2011-2-21,12.3275,14.2676
2011-2-22,11.9882,13.6603
2011-2-23,11.9505,13.6603
2011-2-24,11.9505,13.7082
2011-2-25,12.0165,13.8254
2011-2-28,12.1296,13.9054
2011-3-1,12.3463,14.1025
2011-3-2,12.6951,14.3156
2011-3-3,13.2228,14.4594
2011-3-4,13.4019,14.566
2011-3-7,13.4113,14.7738
2011-3-8,13.4773,14.8377
2011-3-9,13.5527,14.8004
2011-3-10,13.1851,14.4275
2011-3-11,12.8741,14.3209
2011-3-14,12.9213,14.4275
2011-3-15,12.7139,14.3262
2011-3-16,12.9213,14.4807
2011-3-17,12.7328,14.2463
2011-3-18,12.6385,14.2517
2011-3-21,12.7705,14.2943
2011-3-22,13.0532,14.6139
2011-3-23,13.2417,14.7951
2011-3-24,13.1946,14.7418
2011-3-25,13.4773,15.2053
2011-3-28,13.4113,15.2533
2011-3-29,13.4867,15.6582
2011-3-30,13.4585,15.6209
2011-3-31,13.2794,15.2959
2011-4-1,13.5056,16.143
2011-4-6,13.958,16.4946
2011-4-7,13.9485,16.5426
2011-4-8,14.0616,16.5
2011-4-11,14.1182,16.2069
2011-4-12,13.958,16.2389
2011-4-13,14.4386,16.6172
2011-4-14,14.4292,16.4254
2011-4-15,14.3067,16.6012
2011-4-18,14.2501,16.5106
2011-4-19,13.9768,16.5106
2011-4-20,13.8166,15.9672
2011-4-21,13.8072,15.9139
2011-4-22,13.8072,15.6848
2011-4-25,13.7978,15.8233
2011-4-26,13.8637,15.9725
2011-4-27,13.7129,15.6635
2011-4-28,13.8355,16.095
2011-4-29,13.6281,15.5569
2011-5-3,13.5904,15.509
2011-5-4,13.2417,15.1094
2011-5-5,13.2888,14.9815
2011-5-6,13.2323,14.7476
2011-5-9,13.1946,14.5332
2011-5-10,13.3454,14.7379
2011-5-11,13.2228,14.6209
2011-5-12,13.1286,14.3675
2011-5-13,13.2511,14.4065
2011-5-16,13.0815,14.1238
2011-5-17,13.2511,14.2408
2011-5-18,13.4773,14.4357
2011-5-19,13.4113,14.4747
2011-5-20,13.449,14.6014
2011-5-23,13.1097,14.1238
2011-5-24,13.0344,14.0166
2011-5-25,12.8082,13.5877
2011-5-26,12.8082,13.5097
2011-5-27,12.9967,13.6267
2011-5-30,12.9967,13.6169
2011-5-31,13.1097,13.8314
2011-6-1,13.0061,13.6852
2011-6-2,12.5066,13.1198
2011-6-3,12.6102,13.1588
2011-6-7,12.6479,13.1686
2011-6-8,12.4689,13.0418
2011-6-9,12.2144,12.7787
2011-6-10,12.3204,12.8956
2011-6-13,12.3686,12.8664
2011-6-14,12.4361,13.1003
2011-6-15,12.3783,12.8274
2011-6-16,12.2722,12.7202
2011-6-17,12.2722,12.6812
2011-6-20,12.3397,12.7689
2011-6-21,12.4651,12.8761
2011-6-22,12.494,12.9151
2011-6-23,12.6579,13.1003
2011-6-24,12.8892,13.4902
2011-6-27,12.7928,13.4902
2011-6-28,12.6868,13.3538
2011-6-29,12.4554,13.0224
2011-6-30,12.5518,13.1393
2011-7-1,12.4554,12.9834
2011-7-4,12.9085,13.6462
2011-7-5,12.8025,13.5779
2011-7-6,12.6964,13.5
2011-7-7,12.7543,13.4805
2011-7-8,12.9278,13.9288
2011-7-11,12.7446,13.9483
2011-7-12,12.494,13.6169
2011-7-13,12.6097,13.9386
2011-7-14,12.5325,13.8801
2011-7-15,12.5422,13.8899
2011-7-18,12.5133,13.7144
2011-7-19,12.3397,13.4512
2011-7-20,12.2819,13.5
2011-7-21,12.1758,13.422
2011-7-22,12.1855,13.2855
2011-7-25,11.8866,12.8566
2011-7-26,11.9059,12.9346
2011-7-27,11.8191,12.9151
2011-7-28,11.6167,12.6422
2011-7-29,11.9059,13.0224
2011-8-1,11.7999,12.8859
2011-8-2,11.7517,12.8566
2011-8-3,11.7324,12.8372
2011-8-4,11.6938,12.8079
2011-8-5,11.3468,12.535
2011-8-8,11.019,12.0769
2011-8-9,11.0961,12.1646
2011-8-10,11.1058,12.2816
2011-8-11,11.2504,12.5935
2011-8-12,11.2022,12.5155
2011-8-15,11.5589,12.9834
2011-8-16,11.5203,13.0029
2011-8-17,11.4914,12.9249
2011-8-18,11.2118,12.6812
2011-8-19,11.0865,12.5447
2011-8-22,11.1443,12.3595
2011-8-23,11.3468,12.7397
2011-8-24,11.2214,12.6714
2011-8-25,11.7324,13.422
2011-8-26,11.6842,13.344
2011-8-29,11.3468,12.8079
2011-8-30,11.366,12.8177
2011-8-31,11.4239,12.9931
2011-9-1,11.5878,13.0516
2011-9-2,11.4817,12.8469
2011-9-5,11.2793,12.6714
2011-9-6,11.1829,12.6617
2011-9-7,11.4046,12.9541
2011-9-8,11.3853,12.8566
2011-9-9,11.3853,12.8859
2011-9-13,11.2311,12.7689
2011-9-14,11.1925,12.7787
2011-9-15,11.1732,12.6714
2011-9-16,11.2407,12.7104
2011-9-19,11.019,12.379
2011-9-20,11.0286,12.5155
2011-9-21,11.2696,12.8566
2011-9-22,10.9226,12.4863
2011-9-23,10.8069,12.4083
2011-9-26,10.508,11.9989
2011-9-27,10.6527,12.1159
2011-9-28,10.5755,12.0184
2011-9-29,10.643,12.0281
2011-9-30,10.6623,12.0769
2011-10-10,10.5948,11.8332
2011-10-11,10.7876,11.9891
2011-10-12,11.154,12.4473
2011-10-13,11.2022,12.4765
2011-10-14,11.26,12.4375
2011-10-17,11.4528,12.535
2011-10-18,11.154,12.2523
2011-10-19,11.2214,12.2816
2011-10-20,11.0961,12.0086
2011-10-21,11.2311,12.2036
2011-10-24,11.6167,12.6032
2011-10-25,11.6938,12.7884
2011-10-26,11.5974,12.8177
2011-10-27,11.7035,12.9249
2011-10-28,11.8963,13.1686
2011-10-31,11.6649,12.9639
2011-11-1,11.7131,12.9639
2011-11-2,11.9348,13.2173
2011-11-3,11.7517,13.0321
2011-11-4,11.8191,13.0613
2011-11-7,11.6456,12.8079
2011-11-8,11.6745,12.8177
2011-11-9,11.7613,12.9444
2011-11-10,11.5299,12.6422
2011-11-11,11.4528,12.613
2011-11-14,11.6263,12.8469
2011-11-15,11.5299,12.7397
2011-11-16,11.2214,12.3303
2011-11-17,11.1443,12.3108
2011-11-18,11.019,12.2231
2011-11-21,11.0094,12.2328
2011-11-22,11.1347,12.2718
2011-11-23,11.0768,12.1451
2011-11-24,11.1636,12.1938
2011-11-25,11.0672,12.0671
2011-11-28,11.0479,12.0671
2011-11-29,11.1443,12.2133
2011-11-30,10.8069,11.8819
2011-12-1,11.2311,12.2426
2011-12-2,11.3178,12.2718
2011-12-5,11.4432,12.3011
2011-12-6,11.3371,12.2523
2011-12-7,11.4624,12.3205
2011-12-8,11.4721,12.3303
2011-12-9,11.4721,12.2133
2011-12-12,11.5492,12.1743
2011-12-13,11.2407,11.9307
2011-12-14,11.26,11.9502
2011-12-15,10.9997,11.7552
2011-12-16,11.2022,11.9794
2011-12-19,11.2311,12.0281
2011-12-20,11.2118,12.1353
2011-12-21,11.1732,12.0769
2011-12-22,11.2793,12.2328
2011-12-23,11.2696,12.2036
2011-12-26,11.2504,12.0769
2011-12-27,11.2696,12.0281
2011-12-28,11.1347,11.9891
2011-12-29,11.2407,12.0281
2011-12-30,11.4432,12.2036
2012-1-4,11.2504,12.1841
2012-1-5,11.4817,12.3888
2012-1-6,11.5589,12.4668
2012-1-9,11.9348,12.7104
2012-1-10,12.1084,12.8177
2012-1-11,12.0409,12.6909
2012-1-12,12.1662,12.9639
2012-1-13,12.0409,12.9444
2012-1-16,11.9445,12.9834
2012-1-17,12.3204,13.2563
2012-1-18,12.0698,13.0906
2012-1-19,12.2433,13.4317
2012-1-20,12.5325,13.6949
2012-1-30,12.2433,13.4805
2012-1-31,12.1951,13.5097
2012-2-1,12.0216,13.2173
2012-2-2,12.4072,13.7924
2012-2-3,12.5133,13.8216
2012-2-6,12.3976,13.8119
2012-2-7,12.2722,13.6657
2012-2-8,12.5229,14.0653
2012-2-9,12.5229,14.0556
2012-2-10,12.4265,13.8801
2012-2-13,12.2337,13.7729
2012-2-14,12.2048,13.7242
2012-2-15,12.224,13.7436
2012-2-16,12.1855,13.7144
2012-2-17,12.253,13.7631
2012-2-20,12.2337,13.6852
2012-2-21,12.2915,13.7436
2012-2-22,12.3204,13.7729
2012-2-23,12.253,13.7631
2012-2-24,12.4169,13.9971
2012-2-27,12.359,13.9483
2012-2-28,12.4747,13.9483
2012-2-29,12.4072,13.9483
2012-3-1,12.4458,13.9483
2012-3-2,12.5711,13.9483
2012-3-5,12.4072,13.9483
2012-3-6,12.1276,13.5292
2012-3-7,11.9638,13.3927
2012-3-8,12.012,13.5195
2012-3-9,12.0602,13.4707
2012-3-12,11.9059,13.2758
2012-3-13,12.0216,13.4902
2012-3-14,11.8673,13.266
2012-3-15,11.7806,13.266
2012-3-16,11.7806,13.3635
2012-3-19,11.6938,13.2953
2012-3-20,11.5878,13.1003
2012-3-21,11.5685,13.1101
2012-3-22,11.6167,13.2758
2012-3-23,11.6167,13.2465
2012-3-26,11.6553,13.3927
2012-3-27,11.5974,13.383
2012-3-28,11.3757,13.0321
2012-3-29,11.395,12.7884
2012-3-30,11.4721,12.9834
2012-4-5,11.4142,12.9346
2012-4-6,11.3853,12.9054
2012-4-9,11.26,12.9054
2012-4-10,11.4046,12.8761
2012-4-11,11.3468,12.8274
2012-4-12,11.5781,13.1393
2012-4-13,11.5685,13.0808
2012-4-16,11.4914,12.9541
2012-4-17,11.4239,12.8372
2012-4-18,11.5781,13.1003
2012-4-19,11.5299,13.227
2012-4-20,11.7517,13.5779
2012-4-23,11.6649,13.5584
2012-4-24,11.8577,13.7631
2012-4-25,11.8288,13.8996
2012-4-26,11.7806,13.8801
2012-4-27,11.7613,13.9483
2012-5-2,11.9541,14.153
2012-5-3,11.9059,14.0361
2012-5-4,11.9638,14.27
2012-5-7,11.9734,14.3
2012-5-8,11.9252,14.35
2012-5-9,11.6842,14
2012-5-10,11.6745,13.95
2012-5-11,11.5878,13.91
2012-5-14,11.4624,13.79
2012-5-15,11.4142,13.7
2012-5-16,11.2504,13.4
2012-5-17,11.366,13.59
2012-5-18,11.1443,13.42
2012-5-21,11.2214,13.48
2012-5-22,11.3853,13.67
2012-5-23,11.3178,13.49
2012-5-24,11.2118,13.31
2012-5-25,11.1925,13.29
2012-5-28,11.2504,13.4
2012-5-29,11.3564,13.62
2012-5-30,11.3564,13.45
2012-5-31,11.2407,13.33
2012-6-1,11.2504,13.36
2012-6-4,10.9901,13.06
2012-6-5,11.125,13.09
2012-6-6,11.26,13.17
2012-6-7,11.25,13.06
2012-6-8,10.92,12.61
2012-6-11,10.95,12.58
2012-6-12,10.81,12.53
2012-6-13,10.89,12.61
2012-6-14,10.86,12.44
2012-6-15,11.05,12.95
2012-6-18,11.05,12.91
2012-6-19,10.99,12.91
2012-6-20,11.03,12.97
2012-6-21,10.9,12.77
2012-6-25,10.99,12.8
2012-6-26,10.99,12.81
2012-6-27,10.89,12.75
2012-6-28,10.82,12.65
2012-6-29,10.92,12.98
2012-7-2,10.85,12.97
2012-7-3,10.89,13.07
2012-7-4,10.93,13.14
2012-7-5,10.85,13.01
2012-7-6,10.57,12.9
2012-7-9,10.15,12.47
2012-7-10,10.16,12.44
2012-7-11,10.06,12.46
2012-7-12,10.09,12.41
2012-7-13,10.17,12.4
2012-7-16,10.08,12.26
2012-7-17,10.17,12.32
2012-7-18,10.11,12.26
2012-7-19,10.1,12.31
2012-7-20,9.99,12.18
2012-7-23,9.69,11.96
2012-7-24,9.59,11.94
2012-7-25,9.58,11.94
2012-7-26,9.59,11.9
2012-7-27,9.75,12.18
2012-7-30,9.81,12.34
2012-7-31,9.92,12.48
2012-8-1,9.97,12.47
2012-8-2,10.01,12.5
2012-8-3,10,12.51
2012-8-6,10.01,12.52
2012-8-7,10,12.49
2012-8-8,10.07,12.65
2012-8-9,10.08,12.7
2012-8-10,10.17,12.72
2012-8-13,10.15,12.68
2012-8-14,10.17,12.8
2012-8-15,9.94,12.53
2012-8-16,9.92,12.45
2012-8-17,10.02,12.56
2012-8-20,9.88,12.48
2012-8-21,9.81,12.46
2012-8-22,9.89,12.32
2012-8-23,9.94,12.3
2012-8-24,9.92,12.22
2012-8-27,9.86,12.05
2012-8-28,10.01,12.28
2012-8-29,10.02,12.26
2012-8-30,10.13,12.39
2012-8-31,10.08,12.31
2012-9-3,10.01,12.29
2012-9-4,9.84,12.12
2012-9-5,9.71,11.94
2012-9-6,9.73,12
2012-9-7,10.16,12.35
2012-9-10,10.1,12.26
2012-9-11,10.12,12.2
2012-9-12,10.12,12.22
